-- MySQL dump 10.13  Distrib 8.0.17, for Win64 (x86_64)
--
-- Host: 127.0.0.1    Database: bookstoredatabase
-- ------------------------------------------------------
-- Server version	5.6.43-log

/*!40101 SET @OLD_CHARACTER_SET_CLIENT=@@CHARACTER_SET_CLIENT */;
/*!40101 SET @OLD_CHARACTER_SET_RESULTS=@@CHARACTER_SET_RESULTS */;
/*!40101 SET @OLD_COLLATION_CONNECTION=@@COLLATION_CONNECTION */;
/*!50503 SET NAMES utf8 */;
/*!40103 SET @OLD_TIME_ZONE=@@TIME_ZONE */;
/*!40103 SET TIME_ZONE='+00:00' */;
/*!40014 SET @OLD_UNIQUE_CHECKS=@@UNIQUE_CHECKS, UNIQUE_CHECKS=0 */;
/*!40014 SET @OLD_FOREIGN_KEY_CHECKS=@@FOREIGN_KEY_CHECKS, FOREIGN_KEY_CHECKS=0 */;
/*!40101 SET @OLD_SQL_MODE=@@SQL_MODE, SQL_MODE='NO_AUTO_VALUE_ON_ZERO' */;
/*!40111 SET @OLD_SQL_NOTES=@@SQL_NOTES, SQL_NOTES=0 */;

--
-- Table structure for table `billing_address`
--

DROP TABLE IF EXISTS `billing_address`;
/*!40101 SET @saved_cs_client     = @@character_set_client */;
/*!50503 SET character_set_client = utf8mb4 */;
CREATE TABLE `billing_address` (
  `id` bigint(20) NOT NULL AUTO_INCREMENT,
  `billing_address_city` varchar(255) DEFAULT NULL,
  `billing_address_country` varchar(255) DEFAULT NULL,
  `billing_address_name` varchar(255) DEFAULT NULL,
  `billing_address_state` varchar(255) DEFAULT NULL,
  `billing_address_street1` varchar(255) DEFAULT NULL,
  `billing_address_street2` varchar(255) DEFAULT NULL,
  `billing_address_zipcode` varchar(255) DEFAULT NULL,
  `order_id` bigint(20) DEFAULT NULL,
  PRIMARY KEY (`id`),
  KEY `FKjg6ji2vsfuqlc9vhvy4yi449h` (`order_id`),
  CONSTRAINT `FKjg6ji2vsfuqlc9vhvy4yi449h` FOREIGN KEY (`order_id`) REFERENCES `user_order` (`id`)
) ENGINE=InnoDB AUTO_INCREMENT=2 DEFAULT CHARSET=latin1;
/*!40101 SET character_set_client = @saved_cs_client */;

--
-- Dumping data for table `billing_address`
--

LOCK TABLES `billing_address` WRITE;
/*!40000 ALTER TABLE `billing_address` DISABLE KEYS */;
INSERT INTO `billing_address` VALUES (1,'tiberias',NULL,'shay','CT','golomb 4','','14226',1);
/*!40000 ALTER TABLE `billing_address` ENABLE KEYS */;
UNLOCK TABLES;

--
-- Table structure for table `book`
--

DROP TABLE IF EXISTS `book`;
/*!40101 SET @saved_cs_client     = @@character_set_client */;
/*!50503 SET character_set_client = utf8mb4 */;
CREATE TABLE `book` (
  `id` bigint(20) NOT NULL AUTO_INCREMENT,
  `active` bit(1) NOT NULL,
  `author` varchar(255) DEFAULT NULL,
  `category` varchar(255) DEFAULT NULL,
  `description` text,
  `format` varchar(255) DEFAULT NULL,
  `in_stock_number` int(11) NOT NULL,
  `isbn` int(11) NOT NULL,
  `language` varchar(255) DEFAULT NULL,
  `list_price` double NOT NULL,
  `number_of_pages` int(11) NOT NULL,
  `our_price` double NOT NULL,
  `publication_date` varchar(255) DEFAULT NULL,
  `publisher` varchar(255) DEFAULT NULL,
  `shipping_weight` double NOT NULL,
  `title` varchar(255) DEFAULT NULL,
  PRIMARY KEY (`id`)
) ENGINE=InnoDB AUTO_INCREMENT=5 DEFAULT CHARSET=latin1;
/*!40101 SET character_set_client = @saved_cs_client */;

--
-- Dumping data for table `book`
--

LOCK TABLES `book` WRITE;
/*!40000 ALTER TABLE `book` DISABLE KEYS */;
INSERT INTO `book` VALUES (2,_binary '','Jeff Toister','Fiction','<p><span style=\"font-family: \'Open Sans\', Arial, sans-serif; text-align: justify;\">It is a long established fact that a reader will be distracted by the readable content of a page when looking at its layout. The point of using Lorem Ipsum is that it has a more-or-less normal distribution of letters, as opposed to using \'Content here, content here\', making it look like readable English. Many desktop publishing packages and web page editors now use Lorem Ipsum as their default model text, and a search for \'lorem ipsum\' will uncover many web sites still in their infancy. Various versions have evolved over the years, sometimes by accident, sometimes on purpose (injected humour and the like).</span></p>','paperback',2,3223,'english',14,345,11,'2019-08-01','Costa Book',2,'The Service Culture Handbook'),(3,_binary '','Dave Ramsey','Engineering','<p><span style=\"font-family: \'Open Sans\', Arial, sans-serif; text-align: justify;\">There are many variations of passages of Lorem Ipsum available, but the majority have suffered alteration in some form, by injected humour, or randomised words which don\'t look even slightly believable. If you are going to use a passage of Lorem Ipsum, you need to be sure there isn\'t anything embarrassing hidden in the middle of text. All the Lorem Ipsum generators on the Internet tend to repeat predefined chunks as necessary, making this the first true generator on the Internet. It uses a dictionary of over 200 Latin words, combined with a handful of model sentence structures, to generate Lorem Ipsum which looks reasonable. The generated Lorem Ipsum is therefore always free from repetition, injected humour, or non-characteristic words etc.</span></p>','hardcover',6,11234,'english',10,138,4,'2019-09-12','Koko Book',1.2,'The Total Money Makeover'),(4,_binary '','Jeffery Gitomer','Management','<p><strong style=\"margin: 0px; padding: 0px; font-family: \'Open Sans\', Arial, sans-serif; text-align: justify;\">Lorem Ipsum</strong><span style=\"font-family: \'Open Sans\', Arial, sans-serif; text-align: justify;\">&nbsp;is simply dummy text of the printing and typesetting industry. Lorem Ipsum has been the industry\'s standard dummy text ever since the 1500s, when an unknown printer took a galley of type and scrambled it to make a type specimen book. It has survived not only five centuries, but also the leap into electronic typesetting, remaining essentially unchanged. It was popularised in the 1960s with the release of Letraset sheets containing Lorem Ipsum passages, and more recently with desktop publishing software like Aldus PageMaker including versions of Lorem Ipsum.</span></p>','paperback',3,2344,'english',12,345,9,'2019-08-28','Mania book',1.4,'Customer Satisfaction Is Worthless');
/*!40000 ALTER TABLE `book` ENABLE KEYS */;
UNLOCK TABLES;

--
-- Table structure for table `book_to_cart_item`
--

DROP TABLE IF EXISTS `book_to_cart_item`;
/*!40101 SET @saved_cs_client     = @@character_set_client */;
/*!50503 SET character_set_client = utf8mb4 */;
CREATE TABLE `book_to_cart_item` (
  `id` bigint(20) NOT NULL AUTO_INCREMENT,
  `book_id` bigint(20) DEFAULT NULL,
  `cart_item_id` bigint(20) DEFAULT NULL,
  PRIMARY KEY (`id`),
  KEY `FK254kg9aacrs8uqa93ijc3garu` (`book_id`),
  KEY `FKbdyqr108hc7c06xtem0dhv9mk` (`cart_item_id`),
  CONSTRAINT `FK254kg9aacrs8uqa93ijc3garu` FOREIGN KEY (`book_id`) REFERENCES `book` (`id`),
  CONSTRAINT `FKbdyqr108hc7c06xtem0dhv9mk` FOREIGN KEY (`cart_item_id`) REFERENCES `cart_item` (`id`)
) ENGINE=InnoDB AUTO_INCREMENT=3 DEFAULT CHARSET=latin1;
/*!40101 SET character_set_client = @saved_cs_client */;

--
-- Dumping data for table `book_to_cart_item`
--

LOCK TABLES `book_to_cart_item` WRITE;
/*!40000 ALTER TABLE `book_to_cart_item` DISABLE KEYS */;
INSERT INTO `book_to_cart_item` VALUES (1,2,1),(2,3,2);
/*!40000 ALTER TABLE `book_to_cart_item` ENABLE KEYS */;
UNLOCK TABLES;

--
-- Table structure for table `cart_item`
--

DROP TABLE IF EXISTS `cart_item`;
/*!40101 SET @saved_cs_client     = @@character_set_client */;
/*!50503 SET character_set_client = utf8mb4 */;
CREATE TABLE `cart_item` (
  `id` bigint(20) NOT NULL AUTO_INCREMENT,
  `qty` int(11) NOT NULL,
  `subtotal` decimal(19,2) DEFAULT NULL,
  `book_id` bigint(20) DEFAULT NULL,
  `order_id` bigint(20) DEFAULT NULL,
  `shopping_cart_id` bigint(20) DEFAULT NULL,
  PRIMARY KEY (`id`),
  KEY `FKis5hg85qbs5d91etr4mvd4tx6` (`book_id`),
  KEY `FKen9v41ihsnhcr0i7ivsd7i84c` (`order_id`),
  KEY `FKe89gjdx91fxnmkkssyoim8xfu` (`shopping_cart_id`),
  CONSTRAINT `FKe89gjdx91fxnmkkssyoim8xfu` FOREIGN KEY (`shopping_cart_id`) REFERENCES `shopping_cart` (`id`),
  CONSTRAINT `FKen9v41ihsnhcr0i7ivsd7i84c` FOREIGN KEY (`order_id`) REFERENCES `user_order` (`id`),
  CONSTRAINT `FKis5hg85qbs5d91etr4mvd4tx6` FOREIGN KEY (`book_id`) REFERENCES `book` (`id`)
) ENGINE=InnoDB AUTO_INCREMENT=3 DEFAULT CHARSET=latin1;
/*!40101 SET character_set_client = @saved_cs_client */;

--
-- Dumping data for table `cart_item`
--

LOCK TABLES `cart_item` WRITE;
/*!40000 ALTER TABLE `cart_item` DISABLE KEYS */;
INSERT INTO `cart_item` VALUES (1,1,11.00,2,1,NULL),(2,1,4.00,3,NULL,2);
/*!40000 ALTER TABLE `cart_item` ENABLE KEYS */;
UNLOCK TABLES;

--
-- Table structure for table `password_reset_token`
--

DROP TABLE IF EXISTS `password_reset_token`;
/*!40101 SET @saved_cs_client     = @@character_set_client */;
/*!50503 SET character_set_client = utf8mb4 */;
CREATE TABLE `password_reset_token` (
  `id` bigint(20) NOT NULL AUTO_INCREMENT,
  `expiry_date` datetime DEFAULT NULL,
  `token` varchar(255) DEFAULT NULL,
  `user_id` bigint(20) NOT NULL,
  PRIMARY KEY (`id`),
  KEY `FK5lwtbncug84d4ero33v3cfxvl` (`user_id`),
  CONSTRAINT `FK5lwtbncug84d4ero33v3cfxvl` FOREIGN KEY (`user_id`) REFERENCES `user` (`id`)
) ENGINE=InnoDB AUTO_INCREMENT=2 DEFAULT CHARSET=latin1;
/*!40101 SET character_set_client = @saved_cs_client */;

--
-- Dumping data for table `password_reset_token`
--

LOCK TABLES `password_reset_token` WRITE;
/*!40000 ALTER TABLE `password_reset_token` DISABLE KEYS */;
INSERT INTO `password_reset_token` VALUES (1,'2019-08-17 14:43:18','4de6cd77-0cfc-4c85-af0c-93e49e06ad45',3);
/*!40000 ALTER TABLE `password_reset_token` ENABLE KEYS */;
UNLOCK TABLES;

--
-- Table structure for table `payment`
--

DROP TABLE IF EXISTS `payment`;
/*!40101 SET @saved_cs_client     = @@character_set_client */;
/*!50503 SET character_set_client = utf8mb4 */;
CREATE TABLE `payment` (
  `id` bigint(20) NOT NULL AUTO_INCREMENT,
  `card_name` varchar(255) DEFAULT NULL,
  `card_number` varchar(255) DEFAULT NULL,
  `cvc` int(11) NOT NULL,
  `expiry_month` int(11) NOT NULL,
  `expiry_year` int(11) NOT NULL,
  `holder_name` varchar(255) DEFAULT NULL,
  `type` varchar(255) DEFAULT NULL,
  `order_id` bigint(20) DEFAULT NULL,
  PRIMARY KEY (`id`),
  KEY `FKt7a73xusjdnnsuespcitb683h` (`order_id`),
  CONSTRAINT `FKt7a73xusjdnnsuespcitb683h` FOREIGN KEY (`order_id`) REFERENCES `user_order` (`id`)
) ENGINE=InnoDB AUTO_INCREMENT=2 DEFAULT CHARSET=latin1;
/*!40101 SET character_set_client = @saved_cs_client */;

--
-- Dumping data for table `payment`
--

LOCK TABLES `payment` WRITE;
/*!40000 ALTER TABLE `payment` DISABLE KEYS */;
INSERT INTO `payment` VALUES (1,NULL,'Mastercard',553,1,2017,'123343434','visa',1);
/*!40000 ALTER TABLE `payment` ENABLE KEYS */;
UNLOCK TABLES;

--
-- Table structure for table `role`
--

DROP TABLE IF EXISTS `role`;
/*!40101 SET @saved_cs_client     = @@character_set_client */;
/*!50503 SET character_set_client = utf8mb4 */;
CREATE TABLE `role` (
  `role_id` int(11) NOT NULL,
  `name` varchar(255) DEFAULT NULL,
  PRIMARY KEY (`role_id`)
) ENGINE=InnoDB DEFAULT CHARSET=latin1;
/*!40101 SET character_set_client = @saved_cs_client */;

--
-- Dumping data for table `role`
--

LOCK TABLES `role` WRITE;
/*!40000 ALTER TABLE `role` DISABLE KEYS */;
INSERT INTO `role` VALUES (0,'ROLE_ADMIN'),(1,'ROLE_USER');
/*!40000 ALTER TABLE `role` ENABLE KEYS */;
UNLOCK TABLES;

--
-- Table structure for table `shipping_address`
--

DROP TABLE IF EXISTS `shipping_address`;
/*!40101 SET @saved_cs_client     = @@character_set_client */;
/*!50503 SET character_set_client = utf8mb4 */;
CREATE TABLE `shipping_address` (
  `id` bigint(20) NOT NULL AUTO_INCREMENT,
  `shipping_address_city` varchar(255) DEFAULT NULL,
  `shipping_address_country` varchar(255) DEFAULT NULL,
  `shipping_address_name` varchar(255) DEFAULT NULL,
  `shipping_address_state` varchar(255) DEFAULT NULL,
  `shipping_address_street1` varchar(255) DEFAULT NULL,
  `shipping_address_street2` varchar(255) DEFAULT NULL,
  `shipping_address_zipcode` varchar(255) DEFAULT NULL,
  `order_id` bigint(20) DEFAULT NULL,
  PRIMARY KEY (`id`),
  KEY `FKatbgaqk1hhhhkyyuebylpeh7q` (`order_id`),
  CONSTRAINT `FKatbgaqk1hhhhkyyuebylpeh7q` FOREIGN KEY (`order_id`) REFERENCES `user_order` (`id`)
) ENGINE=InnoDB AUTO_INCREMENT=2 DEFAULT CHARSET=latin1;
/*!40101 SET character_set_client = @saved_cs_client */;

--
-- Dumping data for table `shipping_address`
--

LOCK TABLES `shipping_address` WRITE;
/*!40000 ALTER TABLE `shipping_address` DISABLE KEYS */;
INSERT INTO `shipping_address` VALUES (1,'tiberias',NULL,'shay','IL','golomb 4','','14226',1);
/*!40000 ALTER TABLE `shipping_address` ENABLE KEYS */;
UNLOCK TABLES;

--
-- Table structure for table `shopping_cart`
--

DROP TABLE IF EXISTS `shopping_cart`;
/*!40101 SET @saved_cs_client     = @@character_set_client */;
/*!50503 SET character_set_client = utf8mb4 */;
CREATE TABLE `shopping_cart` (
  `id` bigint(20) NOT NULL AUTO_INCREMENT,
  `grand_total` decimal(19,2) DEFAULT NULL,
  `user_id` bigint(20) DEFAULT NULL,
  PRIMARY KEY (`id`),
  KEY `FK254qp5akhuaaj9n5co4jww3fk` (`user_id`),
  CONSTRAINT `FK254qp5akhuaaj9n5co4jww3fk` FOREIGN KEY (`user_id`) REFERENCES `user` (`id`)
) ENGINE=InnoDB AUTO_INCREMENT=3 DEFAULT CHARSET=latin1;
/*!40101 SET character_set_client = @saved_cs_client */;

--
-- Dumping data for table `shopping_cart`
--

LOCK TABLES `shopping_cart` WRITE;
/*!40000 ALTER TABLE `shopping_cart` DISABLE KEYS */;
INSERT INTO `shopping_cart` VALUES (1,0.00,2),(2,4.00,3);
/*!40000 ALTER TABLE `shopping_cart` ENABLE KEYS */;
UNLOCK TABLES;

--
-- Table structure for table `user`
--

DROP TABLE IF EXISTS `user`;
/*!40101 SET @saved_cs_client     = @@character_set_client */;
/*!50503 SET character_set_client = utf8mb4 */;
CREATE TABLE `user` (
  `id` bigint(20) NOT NULL AUTO_INCREMENT,
  `email` varchar(255) NOT NULL,
  `enabled` bit(1) NOT NULL,
  `first_name` varchar(255) DEFAULT NULL,
  `last_name` varchar(255) DEFAULT NULL,
  `password` varchar(255) DEFAULT NULL,
  `phone` varchar(255) DEFAULT NULL,
  `username` varchar(255) DEFAULT NULL,
  PRIMARY KEY (`id`)
) ENGINE=InnoDB AUTO_INCREMENT=4 DEFAULT CHARSET=latin1;
/*!40101 SET character_set_client = @saved_cs_client */;

--
-- Dumping data for table `user`
--

LOCK TABLES `user` WRITE;
/*!40000 ALTER TABLE `user` DISABLE KEYS */;
INSERT INTO `user` VALUES (1,'admin@gmail.com',_binary '',NULL,NULL,'$2a$12$LtbYtEzOBdnsiD/E9Wtj2OZz80wXDrKDMacktYr8pq3j0X6HO75Fm',NULL,'admin'),(2,'kozomany@gmail.com',_binary '','Shay','Sarussi','$2a$12$LtbYtEzOBdnsiD/E9Wtj2O.uGKsCPYU8GlBg6wx6BYOccFfqreyM2',NULL,'shay88'),(3,'rotemxte@gmail.com',_binary '','shay','sarus','$2a$12$LtbYtEzOBdnsiD/E9Wtj2O.uGKsCPYU8GlBg6wx6BYOccFfqreyM2',NULL,'shaySarussi');
/*!40000 ALTER TABLE `user` ENABLE KEYS */;
UNLOCK TABLES;

--
-- Table structure for table `user_billing`
--

DROP TABLE IF EXISTS `user_billing`;
/*!40101 SET @saved_cs_client     = @@character_set_client */;
/*!50503 SET character_set_client = utf8mb4 */;
CREATE TABLE `user_billing` (
  `id` bigint(20) NOT NULL AUTO_INCREMENT,
  `user_billing_city` varchar(255) DEFAULT NULL,
  `user_billing_country` varchar(255) DEFAULT NULL,
  `user_billing_name` varchar(255) DEFAULT NULL,
  `user_billing_state` varchar(255) DEFAULT NULL,
  `user_billing_street1` varchar(255) DEFAULT NULL,
  `user_billing_street2` varchar(255) DEFAULT NULL,
  `user_billing_zipcode` varchar(255) DEFAULT NULL,
  `user_payment_id` bigint(20) DEFAULT NULL,
  PRIMARY KEY (`id`),
  KEY `FK3v6hd7snyc3g9s72u41k1fydu` (`user_payment_id`),
  CONSTRAINT `FK3v6hd7snyc3g9s72u41k1fydu` FOREIGN KEY (`user_payment_id`) REFERENCES `user_payment` (`id`)
) ENGINE=InnoDB AUTO_INCREMENT=2 DEFAULT CHARSET=latin1;
/*!40101 SET character_set_client = @saved_cs_client */;

--
-- Dumping data for table `user_billing`
--

LOCK TABLES `user_billing` WRITE;
/*!40000 ALTER TABLE `user_billing` DISABLE KEYS */;
INSERT INTO `user_billing` VALUES (1,'tiberias',NULL,'shay','CT','golomb 4','','14226',1);
/*!40000 ALTER TABLE `user_billing` ENABLE KEYS */;
UNLOCK TABLES;

--
-- Table structure for table `user_order`
--

DROP TABLE IF EXISTS `user_order`;
/*!40101 SET @saved_cs_client     = @@character_set_client */;
/*!50503 SET character_set_client = utf8mb4 */;
CREATE TABLE `user_order` (
  `id` bigint(20) NOT NULL AUTO_INCREMENT,
  `order_date` datetime DEFAULT NULL,
  `order_status` varchar(255) DEFAULT NULL,
  `order_total` decimal(19,2) DEFAULT NULL,
  `shipping_date` datetime DEFAULT NULL,
  `shipping_method` varchar(255) DEFAULT NULL,
  `billing_address_id` bigint(20) DEFAULT NULL,
  `payment_id` bigint(20) DEFAULT NULL,
  `shipping_address_id` bigint(20) DEFAULT NULL,
  `user_id` bigint(20) DEFAULT NULL,
  PRIMARY KEY (`id`),
  KEY `FKbaytj4l2p74kc5dp2dcrhucjo` (`billing_address_id`),
  KEY `FKqjg5jrh5qwnhl2f9lk7n77454` (`payment_id`),
  KEY `FKo2lj94xaujs1se8whlhc37nj7` (`shipping_address_id`),
  KEY `FKj86u1x7csa8yd68ql2y1ibrou` (`user_id`),
  CONSTRAINT `FKbaytj4l2p74kc5dp2dcrhucjo` FOREIGN KEY (`billing_address_id`) REFERENCES `billing_address` (`id`),
  CONSTRAINT `FKj86u1x7csa8yd68ql2y1ibrou` FOREIGN KEY (`user_id`) REFERENCES `user` (`id`),
  CONSTRAINT `FKo2lj94xaujs1se8whlhc37nj7` FOREIGN KEY (`shipping_address_id`) REFERENCES `shipping_address` (`id`),
  CONSTRAINT `FKqjg5jrh5qwnhl2f9lk7n77454` FOREIGN KEY (`payment_id`) REFERENCES `payment` (`id`)
) ENGINE=InnoDB AUTO_INCREMENT=2 DEFAULT CHARSET=latin1;
/*!40101 SET character_set_client = @saved_cs_client */;

--
-- Dumping data for table `user_order`
--

LOCK TABLES `user_order` WRITE;
/*!40000 ALTER TABLE `user_order` DISABLE KEYS */;
INSERT INTO `user_order` VALUES (1,'2019-08-16 15:02:52','created',11.00,NULL,'groundShipping',1,1,1,3);
/*!40000 ALTER TABLE `user_order` ENABLE KEYS */;
UNLOCK TABLES;

--
-- Table structure for table `user_payment`
--

DROP TABLE IF EXISTS `user_payment`;
/*!40101 SET @saved_cs_client     = @@character_set_client */;
/*!50503 SET character_set_client = utf8mb4 */;
CREATE TABLE `user_payment` (
  `id` bigint(20) NOT NULL AUTO_INCREMENT,
  `card_name` varchar(255) DEFAULT NULL,
  `card_number` varchar(255) DEFAULT NULL,
  `cvc` int(11) NOT NULL,
  `default_payment` bit(1) NOT NULL,
  `expiry_month` int(11) NOT NULL,
  `expiry_year` int(11) NOT NULL,
  `holder_name` varchar(255) DEFAULT NULL,
  `type` varchar(255) DEFAULT NULL,
  `user_id` bigint(20) DEFAULT NULL,
  PRIMARY KEY (`id`),
  KEY `FK8fb9fr82lb1qk2cw55ito9rk6` (`user_id`),
  CONSTRAINT `FK8fb9fr82lb1qk2cw55ito9rk6` FOREIGN KEY (`user_id`) REFERENCES `user` (`id`)
) ENGINE=InnoDB AUTO_INCREMENT=2 DEFAULT CHARSET=latin1;
/*!40101 SET character_set_client = @saved_cs_client */;

--
-- Dumping data for table `user_payment`
--

LOCK TABLES `user_payment` WRITE;
/*!40000 ALTER TABLE `user_payment` DISABLE KEYS */;
INSERT INTO `user_payment` VALUES (1,'shay sarssi','Mastercard',553,_binary '',1,23,'123343434','visa',3);
/*!40000 ALTER TABLE `user_payment` ENABLE KEYS */;
UNLOCK TABLES;

--
-- Table structure for table `user_role`
--

DROP TABLE IF EXISTS `user_role`;
/*!40101 SET @saved_cs_client     = @@character_set_client */;
/*!50503 SET character_set_client = utf8mb4 */;
CREATE TABLE `user_role` (
  `user_role_id` bigint(20) NOT NULL AUTO_INCREMENT,
  `role_id` int(11) DEFAULT NULL,
  `user_id` bigint(20) DEFAULT NULL,
  PRIMARY KEY (`user_role_id`),
  KEY `FKa68196081fvovjhkek5m97n3y` (`role_id`),
  KEY `FK859n2jvi8ivhui0rl0esws6o` (`user_id`),
  CONSTRAINT `FK859n2jvi8ivhui0rl0esws6o` FOREIGN KEY (`user_id`) REFERENCES `user` (`id`),
  CONSTRAINT `FKa68196081fvovjhkek5m97n3y` FOREIGN KEY (`role_id`) REFERENCES `role` (`role_id`)
) ENGINE=InnoDB AUTO_INCREMENT=4 DEFAULT CHARSET=latin1;
/*!40101 SET character_set_client = @saved_cs_client */;

--
-- Dumping data for table `user_role`
--

LOCK TABLES `user_role` WRITE;
/*!40000 ALTER TABLE `user_role` DISABLE KEYS */;
INSERT INTO `user_role` VALUES (1,0,1),(2,1,2),(3,1,3);
/*!40000 ALTER TABLE `user_role` ENABLE KEYS */;
UNLOCK TABLES;

--
-- Table structure for table `user_shipping`
--

DROP TABLE IF EXISTS `user_shipping`;
/*!40101 SET @saved_cs_client     = @@character_set_client */;
/*!50503 SET character_set_client = utf8mb4 */;
CREATE TABLE `user_shipping` (
  `id` bigint(20) NOT NULL AUTO_INCREMENT,
  `user_shipping_city` varchar(255) DEFAULT NULL,
  `user_shipping_country` varchar(255) DEFAULT NULL,
  `user_shipping_default` bit(1) NOT NULL,
  `user_shipping_name` varchar(255) DEFAULT NULL,
  `user_shipping_state` varchar(255) DEFAULT NULL,
  `user_shipping_street1` varchar(255) DEFAULT NULL,
  `user_shipping_street2` varchar(255) DEFAULT NULL,
  `user_shipping_zipcode` varchar(255) DEFAULT NULL,
  `user_id` bigint(20) DEFAULT NULL,
  PRIMARY KEY (`id`),
  KEY `FK9hidca5hndj9y0b5jb0xtpn9u` (`user_id`),
  CONSTRAINT `FK9hidca5hndj9y0b5jb0xtpn9u` FOREIGN KEY (`user_id`) REFERENCES `user` (`id`)
) ENGINE=InnoDB AUTO_INCREMENT=2 DEFAULT CHARSET=latin1;
/*!40101 SET character_set_client = @saved_cs_client */;

--
-- Dumping data for table `user_shipping`
--

LOCK TABLES `user_shipping` WRITE;
/*!40000 ALTER TABLE `user_shipping` DISABLE KEYS */;
INSERT INTO `user_shipping` VALUES (1,'tiberias',NULL,_binary '','shay','IL','golomb 4',NULL,'14226',3);
/*!40000 ALTER TABLE `user_shipping` ENABLE KEYS */;
UNLOCK TABLES;
/*!40103 SET TIME_ZONE=@OLD_TIME_ZONE */;

/*!40101 SET SQL_MODE=@OLD_SQL_MODE */;
/*!40014 SET FOREIGN_KEY_CHECKS=@OLD_FOREIGN_KEY_CHECKS */;
/*!40014 SET UNIQUE_CHECKS=@OLD_UNIQUE_CHECKS */;
/*!40101 SET CHARACTER_SET_CLIENT=@OLD_CHARACTER_SET_CLIENT */;
/*!40101 SET CHARACTER_SET_RESULTS=@OLD_CHARACTER_SET_RESULTS */;
/*!40101 SET COLLATION_CONNECTION=@OLD_COLLATION_CONNECTION */;
/*!40111 SET SQL_NOTES=@OLD_SQL_NOTES */;

-- Dump completed on 2019-08-16 15:07:42
